IngredientName,Serving Size,Orac Value
Almond Milk,250 ml,130
Almonds,25 g,160
Apple,1 pc,310
Bacon,1 pc,410
Banana,1 pc,80
Banana Bread,1 sli,300
BBQ Sauce,10 g,440
Beef Mince,100 g,350
Beef Rump,250 g,360
Blueberries,25 g,220
Cheese,50 g,150
Chia,10 g,170
Chicken Breast,1 pc,380
Chicken Thigh,1 pc,370
Cos Lettuce,50 g,40
Cranberries,25 g,210
Duck Breast,1 pc,390
Flax Seeds,10 g,190
Full Cream,50 g,270
Full Cream Milk,250 ml,90
Goats Milk,250 ml,140
Goji Berries,25 g,240
Grape Tomato,25 g,60
Greek Yogurt,150 g,260
Lamb,200 g,340
Leg Ham,1 pc,420
Light Cream,50 g,280
Light Milk,250 ml,110
Low Fat Yogurt,150 g,250
Multigrain Bread,1 sli,20
Orange,1 pc,320
Oyster Sauce,10 g,460
Pear,1 pc,330
Pork Belly,100 g,400
Quinoa,10 g,180
Raisen Bread,1 sli,290
Roma Tomato,25 g,50
Salmon Fillet,1 pc,500
Skim Milk,250 ml,100
Smoked Salmon,50 g,490
Soy Milk,250 ml,120
Soy Sauce,5 g,470
Strawberries,25 g,230
Sun Flower Seeds,10 g,200
Sweet Chilli Sauce,10 g,450
Tomato,25 g,70
Tomato Sauce,10 g,430
Tuna,50 g,480
White Bread,1 sli,30
Wholemeal Bread,1 sli,10
