IngredientName,Serving Size,Orac Value
Wholemeal Bread,1 sli,10
Multigrain Bread,1 sli,20
White Bread,1 sli,30
Cos Lettuce,50 g,40
Roma Tomato,25 g,50
Grape Tomato,25 g,60
Tomato,25 g,70
Banana,1 pc,80
Full Cream Milk,250 ml,90
Skim Milk,250 ml,100
Light Milk,250 ml,110
Soy Milk,250 ml,120
Almond Milk,250 ml,130
Goats Milk,250 ml,140
Cheese,50 g,150
Almonds,25 g,160
Chia,10 g,170
Quinoa,10 g,180
Flax Seeds,10 g,190
Sun Flower Seeds,10 g,200
Cranberries,25 g,210
Blueberries,25 g,220
Strawberries,25 g,230
Goji Berries,25 g,240
Low Fat Yogurt,150 g,250
Greek Yogurt,150 g,260
Full Cream,50 g,270
Light Cream,50 g,280
Raisen Bread,1 sli,290
Banana Bread,1 sli,300
Apple,1 pc,310
Orange,1 pc,320
Pear,1 pc,330
Lamb,200 g,340
Beef Mince,100 g,350
Beef Rump,250 g,360
Chicken Thigh,1 pc,370
Chicken Breast,1 pc,380
Duck Breast,1 pc,390
Pork Belly,100 g,400
Bacon,1 pc,410
Leg Ham,1 pc,420
Tomato Sauce,10 g,430
BBQ Sauce,10 g,440
Sweet Chilli Sauce,10 g,450
Oyster Sauce,10 g,460
Soy Sauce,5 g,470
Tuna,50 g,480
Smoked Salmon,50 g,490
Salmon Fillet,1 pc,500
